id,name,age,city,timestamp,random_value
1,John Doe,30,New York,2025-04-15T10:00:00,0.123
2,Jane Smith,25,San Francisco,2025-04-15T10:05:00,0.456
3,Bob Johnson,35,Chicago,2025-04-15T10:10:00,0.789
4,Alice Williams,28,Los Angeles,2025-04-15T10:15:00,0.234
5,Charlie Brown,40,Boston,2025-04-15T10:20:00,0.567
6,David Miller,33,Austin,2025-04-15T10:25:00,0.890
7,Eva Garcia,29,Miami,2025-04-15T10:30:00,0.321
8,Frank Wilson,45,Seattle,2025-04-15T10:35:00,0.654
9,Grace Lee,31,Portland,2025-04-15T10:40:00,0.987
10,Henry Martin,38,Denver,2025-04-15T10:45:00,0.135
11,Irene Walker,27,Phoenix,2025-04-15T10:50:00,0.246
12,Jack Thompson,42,Dallas,2025-04-15T10:55:00,0.357
13,Karen White,36,Houston,2025-04-15T11:00:00,0.468
14,Leo Harris,32,Atlanta,2025-04-15T11:05:00,0.579
15,Mia Clark,39,Philadelphia,2025-04-15T11:10:00,0.680
16,Nathan Lewis,26,Detroit,2025-04-15T11:15:00,0.791
17,Olivia Young,44,Minneapolis,2025-04-15T11:20:00,0.802
18,Peter Hall,34,St. Louis,2025-04-15T11:25:00,0.913
19,Quinn Adams,41,Cleveland,2025-04-15T11:30:00,0.124
20,Rachel Scott,30,Pittsburgh,2025-04-15T11:35:00,0.235
21,Samuel Green,37,Cincinnati,2025-04-15T11:40:00,0.346
22,Tina Baker,28,Kansas City,2025-04-15T11:45:00,0.457
23,Ulysses King,43,Indianapolis,2025-04-15T11:50:00,0.568
24,Victoria Wright,33,Columbus,2025-04-15T11:55:00,0.679
25,William Turner,39,Nashville,2025-04-15T12:00:00,0.780
26,Xena Phillips,29,Louisville,2025-04-15T12:05:00,0.891
27,Yuri Campbell,45,Milwaukee,2025-04-15T12:10:00,0.902
28,Zoe Mitchell,31,Charlotte,2025-04-15T12:15:00,0.013
29,Adam Nelson,36,Raleigh,2025-04-15T12:20:00,0.124
30,Bella Carter,27,Orlando,2025-04-15T12:25:00,0.235
31,Cameron Hill,42,Tampa,2025-04-15T12:30:00,0.346
32,Diana Evans,32,Jacksonville,2025-04-15T12:35:00,0.457
33,Ethan Brooks,38,Memphis,2025-04-15T12:40:00,0.568
34,Fiona Gray,26,Richmond,2025-04-15T12:45:00,0.679
35,George Reed,44,Baltimore,2025-04-15T12:50:00,0.780
36,Hannah Cook,34,Washington DC,2025-04-15T12:55:00,0.891
37,Ian Rogers,40,Providence,2025-04-15T13:00:00,0.902
38,Julia Wood,30,Hartford,2025-04-15T13:05:00,0.013
39,Kevin Long,37,Albany,2025-04-15T13:10:00,0.124
40,Laura Price,28,Trenton,2025-04-15T13:15:00,0.235
41,Michael Ross,43,Dover,2025-04-15T13:20:00,0.346
42,Nina Bell,33,Annapolis,2025-04-15T13:25:00,0.457
43,Oscar Ward,39,Harrisburg,2025-04-15T13:30:00,0.568
44,Pamela Foster,29,Charleston,2025-04-15T13:35:00,0.679
45,Quentin Butler,45,Columbia,2025-04-15T13:40:00,0.780
46,Rita Simmons,31,Raleigh,2025-04-15T13:45:00,0.891
47,Steve Barnes,36,Atlanta,2025-04-15T13:50:00,0.902
48,Tara Coleman,27,Montgomery,2025-04-15T13:55:00,0.013
49,Ulysses Perry,42,Jackson,2025-04-15T14:00:00,0.124
50,Vanessa Powell,32,Baton Rouge,2025-04-15T14:05:00,0.235
51,Walter Hughes,38,Little Rock,2025-04-15T14:10:00,0.346
52,Xena Russell,26,Oklahoma City,2025-04-15T14:15:00,0.457
53,Yuri Griffin,44,Austin,2025-04-15T14:20:00,0.568
54,Zoe Diaz,34,Santa Fe,2025-04-15T14:25:00,0.679
55,Andrew Kelly,40,Phoenix,2025-04-15T14:30:00,0.780
56,Brenda James,30,Salt Lake City,2025-04-15T14:35:00,0.891
57,Carl Sanders,37,Boise,2025-04-15T14:40:00,0.902
58,Donna Hayes,28,Helena,2025-04-15T14:45:00,0.013
59,Eric Ford,43,Cheyenne,2025-04-15T14:50:00,0.124
60,Fiona Watson,33,Denver,2025-04-15T14:55:00,0.235
61,Gary Cox,39,Lincoln,2025-04-15T15:00:00,0.346
62,Holly Richardson,29,Topeka,2025-04-15T15:05:00,0.457
63,Ian Brooks,45,Des Moines,2025-04-15T15:10:00,0.568
64,Julie Peterson,31,Jefferson City,2025-04-15T15:15:00,0.679
65,Kyle Bennett,36,Springfield,2025-04-15T15:20:00,0.780
66,Lori Wood,27,Indianapolis,2025-04-15T15:25:00,0.891
67,Mark Jenkins,42,Columbus,2025-04-15T15:30:00,0.902
68,Nancy Perry,32,Lansing,2025-04-15T15:35:00,0.013
69,Oscar Powell,38,Madison,2025-04-15T15:40:00,0.124
70,Paula Butler,26,St. Paul,2025-04-15T15:45:00,0.235
71,Quincy Fisher,44,Bismarck,2025-04-15T15:50:00,0.346
72,Rita Henderson,34,Pierre,2025-04-15T15:55:00,0.457
73,Scott Coleman,40,Sacramento,2025-04-15T16:00:00,0.568
74,Tina Simmons,30,Carson City,2025-04-15T16:05:00,0.679
75,Ulysses Barnes,37,Salem,2025-04-15T16:10:00,0.780
76,Valerie Foster,28,Olympia,2025-04-15T16:15:00,0.891
77,Walter Ward,43,Boise,2025-04-15T16:20:00,0.902
78,Xena Bell,33,Helena,2025-04-15T16:25:00,0.013
79,Yuri Ross,39,Juneau,2025-04-15T16:30:00,0.124
80,Zoe Price,29,Honolulu,2025-04-15T16:35:00,0.235
81,Adam Long,45,Anchorage,2025-04-15T16:40:00,0.346
82,Bella Wood,31,San Juan,2025-04-15T16:45:00,0.457
83,Cameron Rogers,36,Charlotte Amalie,2025-04-15T16:50:00,0.568
84,Diana Cook,27,Pago Pago,2025-04-15T16:55:00,0.679
85,Ethan Reed,42,Hagåtña,2025-04-15T17:00:00,0.780
86,Fiona Gray,32,Saipan,2025-04-15T17:05:00,0.891
87,George Brooks,38,Washington DC,2025-04-15T17:10:00,0.902
88,Hannah Evans,26,New York,2025-04-15T17:15:00,0.013
89,Ian Hill,44,Los Angeles,2025-04-15T17:20:00,0.124
90,Julia Carter,34,Chicago,2025-04-15T17:25:00,0.235
91,Kevin Nelson,40,Houston,2025-04-15T17:30:00,0.346
92,Laura Mitchell,30,Philadelphia,2025-04-15T17:35:00,0.457
93,Michael Campbell,37,Phoenix,2025-04-15T17:40:00,0.568
94,Nina Phillips,28,San Antonio,2025-04-15T17:45:00,0.679
95,Oscar Turner,43,San Diego,2025-04-15T17:50:00,0.780
96,Pamela Wright,33,Dallas,2025-04-15T17:55:00,0.891
97,Quentin King,39,San Jose,2025-04-15T18:00:00,0.902
98,Rita Baker,29,Austin,2025-04-15T18:05:00,0.013
99,Steve Green,45,Jacksonville,2025-04-15T18:10:00,0.124
100,Tara Scott,31,Fort Worth,2025-04-15T18:15:00,0.235
